,precision@10,recall@10,f1@k
Collaborative Filtering,0.002,0.0024285714285714284,0.0021935483375650376
Content-Based,0.006000000000000001,0.01042857142857143,0.007617391257981096
Matrix Factorization,0.0030000000000000005,0.004095238095238095,0.003463087199513537
Hybrid,0.002,0.002857142857142857,0.002352941128027683
Session-Based,0.15,0.12,0.13
